BEGIN;
INSERT INTO posApp_category (id, name, description, date_added, date_updated) VALUES (12, 'Air Mineral', 'Air Mineral berbagai kemasan.', '2025-10-10T15:19:08.685Z', '2025-10-10T15:19:08.685Z');
INSERT INTO posApp_category (id, name, description, date_added, date_updated) VALUES (13, 'Snack', 'Berisi aneka snack kemasan seperti keripik, pilus, kacang, permen, dan makanan ringan lainnya.', '2025-10-10T15:37:36.631Z', '2025-10-10T15:37:36.631Z');
INSERT INTO posApp_category (id, name, description, date_added, date_updated) VALUES (14, 'Susu', 'Berbagai jenis minuman susu kemasan maupun segar yang dikonsumsi oleh siswa untuk menambah energi dan nutrisi harian.', '2025-10-10T15:38:36.563Z', '2025-10-10T15:38:36.563Z');
INSERT INTO posApp_category (id, name, description, date_added, date_updated) VALUES (15, 'Alat Tulis & Keperluan sekolah', 'Menyediakan kebutuhan belajar seperti buku tulis, pulpen, pensil, penghapus, dan perlengkapan sekolah lainnya.', '2025-10-10T15:39:21.534Z', '2025-10-10T15:39:21.536Z');
INSERT INTO posApp_category (id, name, description, date_added, date_updated) VALUES (16, 'Biskuit ', 'Menyediakan berbagai biskuit bermacam merk dan jenis.', '2025-10-10T15:39:55.163Z', '2025-10-10T15:39:55.163Z');
INSERT INTO posApp_category (id, name, description, date_added, date_updated) VALUES (17, 'Wafer', 'Wafer renyah berlapis krim manis, tersedia dalam berbagai rasa.', '2025-10-10T15:50:47.155Z', '2025-10-10T15:50:47.157Z');
INSERT INTO posApp_category (id, name, description, date_added, date_updated) VALUES (18, 'Minuman Soda', 'Minuman bersoda dalam berbagai kemasan.', '2025-10-10T19:24:15.012Z', '2025-10-10T19:24:15.015Z');
INSERT INTO posApp_products (id, code, category_id, name, price, modal, status, stock, date_added, date_updated) VALUES (10, '001', 12, 'Aqua Botol 600Ml', 3500.0, 2500.0, 1, 99, '2025-10-10T15:41:22.104Z', '2025-10-10T15:41:22.104Z');
INSERT INTO posApp_products (id, code, category_id, name, price, modal, status, stock, date_added, date_updated) VALUES (11, '002', 14, 'Susu UHT Cokelat 250ml', 6000.0, 4500.0, 1, 73, '2025-10-10T16:13:51.599Z', '2025-10-10T16:13:51.599Z');
INSERT INTO posApp_products (id, code, category_id, name, price, modal, status, stock, date_added, date_updated) VALUES (12, '003', 14, 'Susu UHT Stroberi 250ml', 6000.0, 4000.0, 1, 69, '2025-10-10T16:34:42.838Z', '2025-10-10T16:34:42.838Z');
INSERT INTO posApp_products (id, code, category_id, name, price, modal, status, stock, date_added, date_updated) VALUES (13, '004', 14, 'Susu UHT Vanilla 250ml', 6000.0, 4000.0, 1, 24, '2025-10-10T16:35:50.028Z', '2025-10-10T16:35:50.028Z');
INSERT INTO posApp_products (id, code, category_id, name, price, modal, status, stock, date_added, date_updated) VALUES (14, '005', 14, 'Milo UHT 200ml', 7000.0, 4500.0, 1, 66, '2025-10-10T16:36:26.738Z', '2025-10-10T16:36:26.738Z');
INSERT INTO posApp_products (id, code, category_id, name, price, modal, status, stock, date_added, date_updated) VALUES (15, '006', 14, 'Indomilk Cokelat 250ml', 5500.0, 5000.0, 1, 21, '2025-10-10T16:37:41.831Z', '2025-10-10T16:37:41.831Z');
INSERT INTO posApp_products (id, code, category_id, name, price, modal, status, stock, date_added, date_updated) VALUES (16, '007', 14, 'Indomilk Stroberi 250ml', 5500.0, 4000.0, 1, 100, '2025-10-10T16:38:43.769Z', '2025-10-10T16:38:43.769Z');
INSERT INTO posApp_products (id, code, category_id, name, price, modal, status, stock, date_added, date_updated) VALUES (17, '008', 14, 'Cimory Fresh Milk Cokelat 250ml', 8000.0, 1000.0, 1, 2, '2025-10-10T16:40:32.785Z', '2025-10-10T16:40:32.785Z');
INSERT INTO posApp_products (id, code, category_id, name, price, modal, status, stock, date_added, date_updated) VALUES (18, '009', 14, 'Cimory Fresh Milk Original 250ml', 8000.0, 3500.0, 1, 20, '2025-10-10T16:41:05.007Z', '2025-10-10T16:41:05.007Z');
INSERT INTO posApp_products (id, code, category_id, name, price, modal, status, stock, date_added, date_updated) VALUES (19, '010', 14, 'Frisian Flag Milky Cokelat 200ml', 5000.0, 4000.0, 1, 20, '2025-10-10T16:53:02.604Z', '2025-10-10T16:53:02.604Z');
INSERT INTO posApp_products (id, code, category_id, name, price, modal, status, stock, date_added, date_updated) VALUES (20, '011', 14, 'Frisian Flag Milky Stroberi 200ml', 5000.0, 2500.0, 1, 24, '2025-10-10T16:53:41.932Z', '2025-10-10T16:53:41.934Z');
INSERT INTO posApp_products (id, code, category_id, name, price, modal, status, stock, date_added, date_updated) VALUES (21, '012', 12, 'Aqua Gelas 240ml', 1500.0, 750.0, 1, 266, '2025-10-10T16:56:21.197Z', '2025-10-10T16:56:21.197Z');
INSERT INTO posApp_products (id, code, category_id, name, price, modal, status, stock, date_added, date_updated) VALUES (22, '013', 12, 'Le Minerale 600ml', 3000.0, 2800.0, 1, 90, '2025-10-10T17:17:53.219Z', '2025-10-10T17:17:53.219Z');
INSERT INTO posApp_products (id, code, category_id, name, price, modal, status, stock, date_added, date_updated) VALUES (23, '014', 16, 'Roma Sandwich Cokelat', 4000.0, 3300.0, 1, 28, '2025-10-10T17:19:11.532Z', '2025-10-10T17:19:11.532Z');
INSERT INTO posApp_products (id, code, category_id, name, price, modal, status, stock, date_added, date_updated) VALUES (24, '015', 16, 'Roma Kelapa', 6000.0, 2800.0, 1, 18, '2025-10-10T17:19:38.170Z', '2025-10-10T17:19:38.170Z');
INSERT INTO posApp_products (id, code, category_id, name, price, modal, status, stock, date_added, date_updated) VALUES (25, '016', 17, 'Nabati Cokelat', 3000.0, 1000.0, 1, 90, '2025-10-10T17:20:32.672Z', '2025-10-10T17:20:32.672Z');
INSERT INTO posApp_products (id, code, category_id, name, price, modal, status, stock, date_added, date_updated) VALUES (26, '017', 17, 'Delfi Top Cokelat', 4000.0, 1500.0, 1, 100, '2025-10-10T17:21:05.962Z', '2025-10-10T17:21:05.962Z');
INSERT INTO posApp_products (id, code, category_id, name, price, modal, status, stock, date_added, date_updated) VALUES (27, '018', 13, 'Qtela Singkong Balado', 6000.0, 2300.0, 1, 70, '2025-10-10T17:22:35.646Z', '2025-10-10T17:22:35.646Z');
INSERT INTO posApp_products (id, code, category_id, name, price, modal, status, stock, date_added, date_updated) VALUES (28, '019', 13, 'Kacang Atom Garuda', 5500.0, 5100.0, 1, 70, '2025-10-10T17:23:08.290Z', '2025-10-10T17:23:08.290Z');
INSERT INTO posApp_products (id, code, category_id, name, price, modal, status, stock, date_added, date_updated) VALUES (29, '020', 13, 'Pilus Keju', 3000.0, 2500.0, 1, 118, '2025-10-10T17:34:47.333Z', '2025-10-10T17:34:47.333Z');
INSERT INTO posApp_products (id, code, category_id, name, price, modal, status, stock, date_added, date_updated) VALUES (30, '021', 18, 'Coca-Cola Botol', 7000.0, 2500.0, 1, 88, '2025-10-10T19:28:14.364Z', '2025-10-10T19:28:14.366Z');
INSERT INTO posApp_products (id, code, category_id, name, price, modal, status, stock, date_added, date_updated) VALUES (32, '022', 13, 'Beng-Beng', 10000.0, 2400.0, 1, 50, '2026-07-08T06:47:04.629Z', '2026-07-08T06:47:04.630Z');
INSERT INTO posApp_restock (id, restock_date, product_id, sale, f_restock, f_restock_before, date_added, date_updated) VALUES (3, '2025-10-10T15:41:22.111Z', 10, 5, 32, 35, '2025-10-10T15:41:22.111Z', '2025-10-10T15:41:22.111Z');
INSERT INTO posApp_restock (id, restock_date, product_id, sale, f_restock, f_restock_before, date_added, date_updated) VALUES (4, '2025-10-10T16:13:51.621Z', 11, 3, 0, 0, '2025-10-10T16:13:51.621Z', '2025-10-10T16:13:51.621Z');
INSERT INTO posApp_restock (id, restock_date, product_id, sale, f_restock, f_restock_before, date_added, date_updated) VALUES (5, '2025-10-10T16:34:42.866Z', 12, 3, 0, 0, '2025-10-10T16:34:42.866Z', '2025-10-10T16:34:42.866Z');
INSERT INTO posApp_restock (id, restock_date, product_id, sale, f_restock, f_restock_before, date_added, date_updated) VALUES (6, '2025-10-10T16:35:50.051Z', 13, 2, 0, 0, '2025-10-10T16:35:50.050Z', '2025-10-10T16:35:50.051Z');
INSERT INTO posApp_restock (id, restock_date, product_id, sale, f_restock, f_restock_before, date_added, date_updated) VALUES (7, '2025-10-10T16:36:26.759Z', 14, 0, 0, 0, '2025-10-10T16:36:26.759Z', '2025-10-10T16:36:26.761Z');
INSERT INTO posApp_restock (id, restock_date, product_id, sale, f_restock, f_restock_before, date_added, date_updated) VALUES (8, '2025-10-10T16:37:41.842Z', 15, 1, 12, 14, '2025-10-10T16:37:41.842Z', '2025-10-10T16:37:41.842Z');
INSERT INTO posApp_restock (id, restock_date, product_id, sale, f_restock, f_restock_before, date_added, date_updated) VALUES (9, '2025-10-10T16:38:43.781Z', 16, 0, 0, 0, '2025-10-10T16:38:43.781Z', '2025-10-10T16:38:43.781Z');
INSERT INTO posApp_restock (id, restock_date, product_id, sale, f_restock, f_restock_before, date_added, date_updated) VALUES (10, '2025-10-10T16:40:32.803Z', 17, 20, 14, 14, '2025-10-10T16:40:32.803Z', '2025-10-10T16:40:32.803Z');
INSERT INTO posApp_restock (id, restock_date, product_id, sale, f_restock, f_restock_before, date_added, date_updated) VALUES (11, '2025-10-10T16:41:05.016Z', 18, 0, 0, 15, '2025-10-10T16:41:05.015Z', '2025-10-10T16:41:05.016Z');
INSERT INTO posApp_restock (id, restock_date, product_id, sale, f_restock, f_restock_before, date_added, date_updated) VALUES (12, '2025-10-10T16:53:02.639Z', 19, 0, 0, 15, '2025-10-10T16:53:02.639Z', '2025-10-10T16:53:02.639Z');
INSERT INTO posApp_restock (id, restock_date, product_id, sale, f_restock, f_restock_before, date_added, date_updated) VALUES (13, '2025-10-10T16:53:41.942Z', 20, 0, 0, 13, '2025-10-10T16:53:41.942Z', '2025-10-10T16:53:41.942Z');
INSERT INTO posApp_restock (id, restock_date, product_id, sale, f_restock, f_restock_before, date_added, date_updated) VALUES (14, '2025-10-10T16:56:21.220Z', 21, 0, 0, 0, '2025-10-10T16:56:21.220Z', '2025-10-10T16:56:21.220Z');
INSERT INTO posApp_restock (id, restock_date, product_id, sale, f_restock, f_restock_before, date_added, date_updated) VALUES (15, '2025-10-10T17:17:53.231Z', 22, 0, 0, 55, '2025-10-10T17:17:53.223Z', '2025-10-10T17:17:53.231Z');
INSERT INTO posApp_restock (id, restock_date, product_id, sale, f_restock, f_restock_before, date_added, date_updated) VALUES (16, '2025-10-10T17:19:11.560Z', 23, 0, 0, 21, '2025-10-10T17:19:11.560Z', '2025-10-10T17:19:11.560Z');
INSERT INTO posApp_restock (id, restock_date, product_id, sale, f_restock, f_restock_before, date_added, date_updated) VALUES (17, '2025-10-10T17:19:38.175Z', 24, 0, 0, 11, '2025-10-10T17:19:38.175Z', '2025-10-10T17:19:38.175Z');
INSERT INTO posApp_restock (id, restock_date, product_id, sale, f_restock, f_restock_before, date_added, date_updated) VALUES (18, '2025-10-10T17:20:32.680Z', 25, 0, 0, 45, '2025-10-10T17:20:32.680Z', '2025-10-10T17:20:32.680Z');
INSERT INTO posApp_restock (id, restock_date, product_id, sale, f_restock, f_restock_before, date_added, date_updated) VALUES (19, '2025-10-10T17:21:05.987Z', 26, 0, 0, 0, '2025-10-10T17:21:05.987Z', '2025-10-10T17:21:05.987Z');
INSERT INTO posApp_restock (id, restock_date, product_id, sale, f_restock, f_restock_before, date_added, date_updated) VALUES (20, '2025-10-10T17:22:35.668Z', 27, 0, 0, 0, '2025-10-10T17:22:35.668Z', '2025-10-10T17:22:35.668Z');
INSERT INTO posApp_restock (id, restock_date, product_id, sale, f_restock, f_restock_before, date_added, date_updated) VALUES (21, '2025-10-10T17:23:08.314Z', 28, 0, 0, 0, '2025-10-10T17:23:08.314Z', '2025-10-10T17:23:08.314Z');
INSERT INTO posApp_restock (id, restock_date, product_id, sale, f_restock, f_restock_before, date_added, date_updated) VALUES (22, '2025-10-10T17:34:47.339Z', 29, 0, 0, 54, '2025-10-10T17:34:47.339Z', '2025-10-10T17:34:47.339Z');
INSERT INTO posApp_restock (id, restock_date, product_id, sale, f_restock, f_restock_before, date_added, date_updated) VALUES (23, '2025-10-10T19:28:14.407Z', 30, 0, 0, 40, '2025-10-10T19:28:14.407Z', '2025-10-10T19:28:14.407Z');
INSERT INTO posApp_restock (id, restock_date, product_id, sale, f_restock, f_restock_before, date_added, date_updated) VALUES (25, '2026-07-08T06:47:04.644Z', 32, 0, 0, 0, '2026-07-08T06:47:04.644Z', '2026-07-08T06:47:04.644Z');
INSERT INTO posApp_sales (id, code, sub_total, grand_total, tendered_amount, amount_change, profit, date_added, date_updated) VALUES (115, '405200001', 5500.0, 5500.0, 10000.0, 4500.0, 0.0, '2026-07-08T07:41:05.746Z', '2026-07-08T07:41:05.747Z');
INSERT INTO posApp_sales (id, code, sub_total, grand_total, tendered_amount, amount_change, profit, date_added, date_updated) VALUES (116, '405200002', 3500.0, 3500.0, 5000.0, 1500.0, 0.0, '2026-07-08T07:41:33.299Z', '2026-07-08T07:41:33.299Z');
INSERT INTO posApp_sales (id, code, sub_total, grand_total, tendered_amount, amount_change, profit, date_added, date_updated) VALUES (117, '405200003', 6000.0, 6000.0, 10000.0, 4000.0, 2000.0, '2026-07-08T07:46:01.286Z', '2026-07-08T07:46:01.286Z');
INSERT INTO posApp_sales (id, code, sub_total, grand_total, tendered_amount, amount_change, profit, date_added, date_updated) VALUES (118, '405200004', 29500.0, 29500.0, 30000.0, 500.0, 8500.0, '2026-07-08T07:49:40.598Z', '2026-07-08T07:49:40.599Z');
INSERT INTO posApp_sales (id, code, sub_total, grand_total, tendered_amount, amount_change, profit, date_added, date_updated) VALUES (119, '405200005', 160000.0, 160000.0, 200000.0, 40000.0, 140000.0, '2026-07-09T06:04:16.551Z', '2026-07-09T06:04:16.551Z');
INSERT INTO posApp_sales (id, code, sub_total, grand_total, tendered_amount, amount_change, profit, date_added, date_updated) VALUES (120, '405200006', 18000.0, 18000.0, 20000.0, 2000.0, 4500.0, '2026-07-09T06:08:33.328Z', '2026-07-09T06:08:33.329Z');
INSERT INTO posApp_sales (id, code, sub_total, grand_total, tendered_amount, amount_change, profit, date_added, date_updated) VALUES (121, '405200007', 17500.0, 17500.0, 20000.0, 2500.0, 5000.0, '2026-07-09T06:24:14.819Z', '2026-07-09T06:24:14.819Z');
INSERT INTO posApp_salesitems (id, sale_id, product_id, price, modal, qty, total, profit) VALUES (126, 117, 13, 6000.0, 4000.0, 1.0, 6000.0, 2000.0);
INSERT INTO posApp_salesitems (id, sale_id, product_id, price, modal, qty, total, profit) VALUES (127, 118, 13, 6000.0, 4000.0, 1.0, 6000.0, 2000.0);
INSERT INTO posApp_salesitems (id, sale_id, product_id, price, modal, qty, total, profit) VALUES (128, 118, 12, 6000.0, 4000.0, 3.0, 18000.0, 6000.0);
INSERT INTO posApp_salesitems (id, sale_id, product_id, price, modal, qty, total, profit) VALUES (129, 118, 15, 5500.0, 5000.0, 1.0, 5500.0, 500.0);
INSERT INTO posApp_salesitems (id, sale_id, product_id, price, modal, qty, total, profit) VALUES (130, 119, 17, 8000.0, 1000.0, 20.0, 160000.0, 140000.0);
INSERT INTO posApp_salesitems (id, sale_id, product_id, price, modal, qty, total, profit) VALUES (131, 120, 11, 6000.0, 4500.0, 3.0, 18000.0, 4500.0);
INSERT INTO posApp_salesitems (id, sale_id, product_id, price, modal, qty, total, profit) VALUES (132, 121, 10, 3500.0, 2500.0, 5.0, 17500.0, 5000.0);
COMMIT;
